Tip Matrice,Nr threads,Timp executie
,4,53174.63337
,4,54963.9657666667
,4,53125.7882666667
,4,104481.1842
,4,104918.626133333
,2,52609.4399333333
,4,104202.168766667
,2,52539.5184
,2,52838.0130333333
,2,104084.1149
,2,104262.682566667
,2,104374.485766667
,4,53142.6499333333
,4,52756.8177
,4,52696.5303333333
,4,104319.518066667
,4,104328.527433333
,4,59507.6877
,4,61233.3844
,4,61195.8843
