Tip Matrice,Nr threads,Timp executie
,4,53174.63337
,4,54963.9657666667
,4,53125.7882666667
,4,104481.1842
,4,104918.626133333
